word,cnt
Olavarría,0
Nibal,0
júmper,0
apiladitas,0
Tomasito,0
serruchadas,0
rubiecita,0
Ferracioli,0
Cipolletti,0
Flexionaría,0
trac,0
Trrrrr,0
Nesquick,0
trrrrr,0
Trac,0
bandita,0
bolsillóloga,0
Unsworth,0
XV,0
subóptima,0
XIX,0
Theresa,0
Tidy,0
XX,0
P,0
Gilman,0
G,0
Madwell,0
yacaré,0
hinchadísimos,0
correntinos,0
tiempito,0
Balvanera,0
hambrientamente,0
Nogués,0
posverdad,0
computacionales,0
podcasts,0
tweets,0
Chacarita,0
Adrianita,0
Humberta,0
sanguchitos,0
descorrió,0
médanos,0
nocaut,0
linita,0
telgopor,0
Grinch,0
antropocéntricos,0
neurofisiológicos,0
Histeriqueamos,0
Mazzini,0
Bertita,0
reposeras,0
Explicáme,0
Wakefield,0
delivery,0
hipermelosos,0
Halcrow,0
backstage,0
acaminar,0
agujitas,0
contraejemplo,0
Abrigate,0
interín,0
Creede,0
desabrigarme,0
Bizet,0
Pueyrredón,0
tristones,0
cabeceaban,0
D,0
subte,0
Metrovías,0
tapial,1
lugones,1
entristecían,1
correntino,2
carrasperas,2
tibiamente,3
atajaría,3
hiló,3
guardametas,3
abanicaba,4
homeópatas,4
futbolísticos,4
redobló,4
fealdades,4
presintiera,5
humedecida,5
devaluados,5
agrupó,5
estirones,6
desfigure,6
eximió,6
trabajosamente,7
ilusionó,7
curanderas,7
semanarios,8
estampaba,8
humaredas,8
desinflaron,9
copadas,9
dentelladas,9
tatuaría,9
griteríos,9
constitutiva,9
tontísimo,10
parapsicólogos,10
accederse,10
posarme,10
fugacidad,10
batahola,10
refutarlas,10
deliró,10
adelgazara,11
cabizbaja,11
replegó,11
terciopelos,11
ejemplificar,11
estupefacción,12
changas,12
migró,12
bufando,13
alfajores,13
sugestivos,13
porteño,13
reflexivos,14
fantasmagóricas,14
malcriaron,14
destaparon,14
implementados,15
castillito,15
atajadas,15
bosquecito,17
depurada,17
extinguía,17
tardecita,17
enamoremos,17
orientó,17
complicaran,18
trenzaron,18
inflarlos,18
alumbraba,20
modorra,21
retorcían,21
atardeciendo,22
desganada,22
parentela,22
ágilmente,22
decomisado,23
blanqueó,24
finísima,25
sobrada,25
apuraron,26
lustrosa,26
maravillándose,26
ojotas,26
trepaban,26
velaron,27
hermosísimos,28
asomaban,28
azorado,28
admiraron,28
repasó,28
chirriaba,29
enmudecer,29
precisiones,29
inexpresable,30
suplicaban,30
derrumbaban,30
guaraní,31
ornamentales,31
cabildo,31
representaran,31
hinchazones,32
arenal,32
topara,32
boreales,33
destapando,33
esmeró,33
amílcar,33
desproporcionadamente,34
desandar,34
suspiré,35
amanecía,36
espaciadas,36
lastimadura,36
atravesábamos,36
geométricamente,37
autoengaño,37
quilombos,37
pitadas,38
caballetes,38
amortiguado,38
zaguán,39
inversamente,39
conformaban,39
fastuoso,39
sentadita,40
cadavérica,40
revolvía,40
plegada,41
ananás,41
compenetrados,42
porfiado,42
sonrojó,42
maravilló,42
sobresaltada,43
enmudecido,43
demacrada,43
tapara,43
embarrar,44
huidizo,45
anhelante,45
refunfuña,46
hacinados,46
respiraron,47
empotrada,47
endureciendo,48
desconcertar,48
soledades,48
trabé,48
pátina,48
botiquines,49
esporádicas,50
trascendido,50
posara,50
tapaban,51
bilbao,51
anotadores,52
confirmarlas,52
adiestrada,52
carbonizadas,53
relincho,55
polleras,55
desangrados,56
exclamó,56
procuraba,57
empalagosa,59
frenaba,60
empujadas,60
esbeltas,61
guardavidas,61
piloteado,61
auroras,62
canosa,62
ventanita,62
percate,62
échelos,63
relajaba,64
maravillados,64
alfiletero,64
fracasaba,65
inquietó,65
circulaban,65
abríamos,66
ladrarle,66
previendo,67
preguntás,67
animaban,68
guardapolvos,68
setecientas,69
desenfundó,70
asomaba,70
completaba,70
confeccionado,71
rueca,71
impacte,72
decoradas,72
medialunas,72
vasitos,73
gimió,74
remates,74
cargaran,76
prolija,76
perversamente,76
ademanes,78
serenos,78
advertía,78
domadores,78
sujetaban,78
resaltan,79
reanimado,80
austera,80
tonalidades,81
vertiginosa,82
entresuelo,83
prestaban,83
aplaudía,83
horrorizaba,83
cucuruchos,84
bocanadas,85
manchitas,86
palpa,87
vaho,87
calmaba,87
escaparle,88
campante,88
redoblar,88
bajábamos,89
alcanzaban,90
vulgarmente,90
voluminoso,90
asintió,91
volcaron,92
anidan,92
suntuosa,93
cinematográficas,94
pulcritud,95
contribuyo,95
recaídas,95
deslizándome,96
estiradas,97
convertibles,97
derritan,98
bolsito,98
simulan,98
desubicado,98
ortopédicos,98
desplegó,99
originan,99
escondamos,101
llamativas,101
desearon,102
jolgorio,102
agonizaba,102
dilucidar,102
docencia,103
simétrico,104
algarabía,104
temblorosos,105
cañonazo,105
saltitos,105
acertados,106
animaron,106
resguardar,107
dinamitar,108
arrastraban,109
gemía,109
desproporcionado,109
apartaron,109
pómulo,110
hipnotizados,111
caserón,112
descuidos,113
desaire,114
arbitrariamente,115
renovó,115
desolador,115
deambulaba,116
cotidianos,116
hilar,117
salpicada,117
movidos,118
carbonizados,118
señorial,119
apestado,121
aspiraba,121
consternados,122
arranquemos,123
invernales,123
crudeza,125
subíamos,125
flaquito,125
abedules,125
ladraba,126
piolín,127
cedieron,127
perceptible,128
ciber,128
teñirme,129
chupándole,130
estirón,132
perdiéndose,133
confundimos,134
enmascarada,134
consuman,134
perecen,134
malhumor,135
trompadas,136
recorrieron,136
coserle,136
rechinar,137
serpentinas,138
pensativa,139
asociamos,140
arcoíris,141
surco,142
gotitas,142
lindísima,145
penado,146
antecesor,146
ardían,147
repatriación,148
cargaban,149
agujerito,149
mejoraba,149
velitas,150
limitando,150
experimentaba,150
decorarla,150
cautelosamente,150
ansiado,150
frutales,151
atajar,151
dedicadas,152
cosida,152
fajas,153
caballerizas,155
filosóficamente,155
cosidos,155
imponentes,156
empezarían,156
prisma,157
amena,157
contuvo,157
petrificados,158
dominaron,158
síncope,158
cruzaban,158
bisagra,158
aburridísimo,159
embalsamar,160
introspección,161
lisas,163
alargó,163
disuelva,163
tapaba,163
pelotitas,163
tortazo,164
carbonizado,164
indumentaria,165
asegurarán,165
confitería,165
someterla,166
desangrada,166
quedarle,166
gritarnos,166
trascendente,167
sonriera,168
pirineos,168
agachó,169
resúmenes,169
siluetas,172
preocuparon,173
asomó,173
continuaban,175
paralítica,175
acarició,177
sudaba,177
avanzaron,180
longitudes,181
viscosa,182
baldío,183
fortificado,184
miga,186
anticiparse,186
corsos,187
espejito,187
veneración,188
engordó,188
llenaban,188
vagaba,189
demoledor,189
sadismo,189
desvalido,191
transpirar,191
telar,192
surgimiento,192
recorrida,193
encogió,193
renovarlo,194
observemos,195
desigualdad,195
pueblerina,195
marejada,196
pisarla,196
sorpresivamente,197
dedal,198
tchaikovsky,199
jornadas,200
hipnotizar,200
anhelado,200
postergar,200
aplaudieron,201
resuenan,203
colgantes,203
abalanzó,203
máximas,204
respectivas,204
necrológicas,205
envolviendo,205
oficinistas,206
reventada,206
almohadón,207
acariciaba,207
enamorará,207
recaudo,208
aliviados,210
bermuda,211
llovizna,214
nulidad,214
arreglaran,216
animaba,217
guadalupe,220
mortaja,220
lloraron,221
obesa,222
intranquilo,222
retoño,225
fracasando,225
acaparar,226
fundamentalista,226
figuritas,228
excluida,228
irrumpe,230
consultó,231
percibimos,231
guardaban,232
bullicio,234
arrancarla,236
marías,237
imperceptible,237
trepó,239
empanada,239
elijamos,241
adiestrado,242
canasto,242
pollera,244
arrancarse,244
horrorizada,245
rogaba,248
transfusiones,250
progresivamente,250
blazer,251
subversiva,252
impunemente,254
sonaron,254
descomunal,254
descontrolada,254
casaran,255
tonada,256
transpiración,256
patean,257
arrodilló,258
oíamos,259
obsesionó,260
poseedor,260
proporcional,262
estiró,263
terminaban,265
obligadas,266
gustoso,266
abrieran,266
fulminante,267
hermanitos,267
follaje,268
desgarró,268
cubrirle,268
uruguay,269
hiriente,270
frenando,271
inflar,273
crecían,274
reflejaba,274
camillas,275
florería,276
almohadones,276
inmóviles,276
estudiantiles,276
jordán,276
cínicos,276
reojo,279
accidentado,279
provocaba,280
campanada,280
cartagena,281
filoso,281
crujir,285
degollado,286
fugaces,287
costra,287
atuendos,287
abrían,287
abordado,288
aceleró,291
siestas,292
extrañando,292
enaguas,293
numerosa,293
guiara,295
turquesa,295
componen,295
hundida,296
escrutinio,297
colgaban,297
buscaran,300
moldes,300
angelical,301
principito,301
adornar,301
cataclismo,306
velorio,308
animalitos,309
realizaba,309
campera,310
reemplazada,311
aspiro,311
infectarse,312
iluso,312
rescata,312
bufones,313
sumado,314
patearles,314
costuras,314
cansaron,315
envolvió,315
liebres,315
bikinis,317
murmullos,319
prendí,321
interpuso,322
sonaban,322
yema,322
premoniciones,323
desnudar,323
blogs,324
acróbatas,324
gastaba,325
soplaba,325
repletos,326
estadios,329
tapó,330
aniquilados,330
caminaron,331
cayeran,331
inflado,332
cambiaban,333
cortaban,334
examinaron,334
nacho,335
heladería,335
clavados,335
amaneció,336
colibrí,336
posó,336
tapada,340
sumergirnos,341
semántica,341
avanzaba,342
arruinara,343
túnicas,344
permanencia,344
dior,345
descompone,345
empuñadura,346
acompañando,347
aislarlo,348
oficios,349
comitiva,350
barda,350
brillantez,350
tocaran,350
contemporánea,351
producía,351
atravesaba,352
cacho,352
cremación,352
jugarse,354
bautizar,358
tremendas,358
ahogaba,359
flechazo,359
escondían,361
flautista,361
elocuencia,361
alimentaba,362
pinchó,362
cremas,364
sáquenle,365
terminación,365
lourdes,367
respiratorios,368
botines,369
derrumbado,372
librito,373
manifestar,373
poníamos,373
campanadas,375
armé,375
alzó,378
candelabros,378
averiguará,379
apoyada,382
repitió,382
internada,383
paperas,383
atacaba,383
torcer,384
mantra,385
manchadas,385
transmitió,385
impidiendo,385
compruebo,386
detestaba,387
muecas,389
disgustos,389
evaluando,390
pegaban,391
rodeaba,394
monótono,394
dudó,396
festejo,396
tiraban,396
baldosas,397
menea,399
radica,403
clarísimo,404
malhechores,405
formaban,410
desangrándose,410
deslizó,410
comediantes,411
alistado,411
observarla,412
notamos,414
leopoldo,416
sacudiendo,418
auge,418
secó,419
arrasado,421
erguido,425
márgenes,425
tenerse,429
colcha,429
mueca,429
contentas,430
compacto,430
clínicos,431
infinidad,432
ansiosamente,434
esquiva,434
ocuparon,436
espantado,441
promocionar,442
contagio,443
reconocieron,444
algoritmos,444
carpetas,446
recorrí,446
interactuar,447
fatalidad,447
consistencia,448
atraídos,448
enfermando,449
roque,449
féretro,450
atropella,451
desesperanza,451
xvii,452
colgamos,452
dudaba,453
delanteros,453
animó,453
extravagantes,454
contenidos,455
generan,457
argumentar,457
arruinamos,458
contenerse,459
desolación,459
descuidados,460
mesada,462
permitían,462
cargaron,463
proyecta,464
estirada,464
encarcelar,465
acordaron,465
sacudido,466
inclinó,466
desangrando,467
vestimos,468
prolongada,469
traspasar,472
cosquilleo,474
inconscientemente,479
analizarla,480
rebotó,482
rosca,483
parlantes,485
tajo,487
cuestionable,488
cansarse,490
horrorizado,490
señalan,491
tumulto,492
acercaron,493
rebeldía,493
diminutas,497
penumbra,497
desvestirse,498
ingenuidad,499
caricia,500
suspendió,501
mentirles,504
soberana,506
equilibrado,507
sigilosamente,507
carcajadas,509
historieta,510
aplastados,511
espantosos,514
rieles,514
usaran,516
desayuna,517
desplomó,517
percibí,518
argentino,521
analogía,521
calculando,522
sierras,522
sirviera,525
armaduras,527
despecho,529
patineta,529
contienda,530
solté,530
indagar,530
indiscutible,532
súplica,532
osadía,533
pomposo,534
derretir,536
desgarrado,536
montarla,538
historiadores,539
seguíamos,539
arrastraron,539
panfleto,540
básquet,541
matías,541
pintaba,542
supremacía,546
desvanecido,546
revelarlo,546
adoraban,546
ajenas,546
encerramos,548
desvió,549
surrealista,550
temblaba,551
pasmado,551
correspondía,551
delicadamente,552
emilia,552
portadas,553
dejada,555
colgaba,556
bestial,556
partí,557
copo,559
catacumbas,559
aguantaba,560
validez,560
acumulado,563
ediciones,564
sentaron,564
atrevía,565
manchada,565
vaciado,565
ensayado,566
enfermiza,569
pelusa,569
garabatos,572
arreglarle,574
jovencitos,576
atontado,577
diagnosticaron,577
amenazaba,579
entierran,581
apurar,582
balneario,582
deambulando,583
limpiaron,585
penetrado,586
vecinas,586
incluía,587
rotundamente,587
estafado,589
palito,590
entusiasmados,590
enfermeros,590
temían,591
lavó,591
liso,592
costados,594
intensiva,598
encargados,598
cantaban,599
asoma,600
resumir,601
disparates,601
naturalidad,602
regalando,606
fundamentos,606
inmundicia,612
contaban,616
notaron,617
logremos,617
examinó,620
observó,621
sacudió,622
entendamos,624
aprovecho,625
intrigado,625
cerraba,628
yacía,631
liberan,632
incompleta,636
cedió,637
evitarle,638
prendida,639
apunté,641
esperaron,642
invitara,642
escapaba,644
velatorio,645
antelación,647
pertenecían,647
verbo,648
goles,649
meramente,650
guardarse,652
dependencia,652
vereda,653
callejeros,653
turba,653
peludas,655
horda,655
pateado,657
alquitrán,658
siguieran,663
metáforas,665
digestión,666
picadura,667
calmarla,668
prestamos,670
acorralado,672
servidumbre,676
mecanismos,680
tirantes,682
respondía,683
heroica,683
dormían,683
lujos,685
vómitos,686
sujetando,689
pondrían,690
arrepiente,692
filósofos,693
llenaron,694
resguardo,695
advierte,697
interrumpió,699
silueta,699
reían,700
traían,703
mencionan,707
apretó,708
tiernos,709
cubría,710
quejaba,710
repasando,712
calidez,714
memorizar,715
arrancaron,716
escaso,717
divertía,720
introducido,721
ocultarle,722
reaccionan,723
estadística,723
espectaculares,725
melodías,727
copos,729
entusiasma,731
arsénico,732
lejanas,733
desconcertado,733
abrazó,733
espasmos,735
magníficas,735
señaló,737
aceptaba,743
pileta,746
cuestas,747
miraría,747
colombianos,748
cortaba,749
siniestra,749
rogó,750
sonreía,753
vestidor,754
espanto,756
compuesta,760
impone,765
registraron,766
cumplía,767
tejer,772
domésticos,773
enciclopedia,773
anemia,782
notaba,785
patrullero,789
chal,790
carteras,791
amando,794
trámites,794
comportando,797
exagerada,798
joyero,804
disfrutó,806
frita,808
arquero,810
perspectivas,812
formada,812
medía,817
repisa,817
paisano,817
mirarlas,819
escéptico,820
compararse,820
pretendiente,822
traba,823
provocan,827
migajas,827
manuela,831
hernández,831
imaginaria,832
traseras,833
deprime,837
azote,839
descendencia,840
cautela,841
ocupaba,841
mantuvieron,842
erudito,844
próspero,844
sidra,845
contagiosa,845
mellizos,847
maternal,847
miraron,847
ejemplares,847
confiando,853
detuviera,854
soplando,854
prendido,856
doblado,861
descubriera,863
chalecos,866
encubrir,867
convertible,868
gestión,868
agarrarse,871
cabecera,872
ubicado,872
urgentes,876
empatía,877
sobrinos,877
clandestino,877
hinchazón,878
curiosamente,883
remera,885
pos,886
derrotados,886
resultaba,896
inofensiva,896
parara,896
rubí,897
llegados,899
apagaron,900
visibles,902
até,903
agitada,908
asombro,909
volvían,910
nudillos,917
diseñados,919
ajeno,925
violinista,927
apoyó,931
ajena,933
contados,933
asfalto,936
robarles,941
bañado,943
lejanos,949
revisó,949
pisando,950
fabricado,952
silvia,953
armó,953
fascinantes,958
instantes,958
auriculares,958
ridículas,968
bucear,969
desolado,972
adaptación,973
trailer,974
surgen,975
remedios,978
amaban,980
astro,980
estela,982
vallas,982
llovía,985
idéntica,986
abriera,990
administrar,991
fascina,991
recámara,991
moralmente,996
distingue,999
procesos,1000
colgados,1000
manuales,1003
románticos,1003
tardaron,1004
impedido,1007
apretados,1010
paradoja,1011
renovar,1014
solidaridad,1015
entendernos,1020
hinchada,1020
tocarlos,1020
olvidados,1021
agarrando,1024
controlamos,1032
palermo,1033
adolescencia,1034
pesaba,1034
curiosos,1039
orador,1040
buscaría,1041
quemadura,1042
dedicó,1042
penales,1044
caminó,1045
pedacito,1045
sentían,1049
calzado,1049
despacito,1051
negué,1057
primas,1057
interesó,1059
pisadas,1060
terminaba,1061
consumido,1062
reclama,1064
proyecciones,1066
repetirse,1066
característica,1070
encierro,1070
salíamos,1074
probarse,1077
prendió,1080
abría,1081
apareciera,1085
resbaló,1086
fanática,1088
estira,1088
tortas,1089
inmóvil,1092
bailaba,1093
insignificantes,1100
pantallas,1100
tiraba,1103
iluminar,1104
valiosos,1104
aterradora,1105
saborear,1109
practicado,1110
inexplicable,1111
juntando,1111
valija,1120
místico,1121
escarlata,1122
acostaba,1127
tirón,1127
pegados,1130
delirio,1136
insinúa,1139
reaccionó,1141
flaca,1144
diecinueve,1146
autores,1147
fugaz,1148
detonación,1160
puñal,1166
viajaba,1167
opresión,1168
talón,1170
tendió,1171
prendas,1171
borrachera,1172
succión,1174
charlando,1181
tibio,1181
summers,1182
vestimenta,1185
lujoso,1187
preguntará,1189
llegaban,1190
pararon,1192
vidrios,1192
sobreviven,1202
sustituir,1205
costaba,1208
preguntaría,1210
indicar,1211
despensa,1215
detengo,1215
moriste,1216
túnica,1218
anima,1221
definir,1225
combatientes,1226
forzó,1231
muchísima,1237
reclamo,1239
aros,1241
remotamente,1241
casadas,1249
bellezas,1250
naciera,1251
convulsiones,1253
melón,1255
llevada,1259
miraban,1265
mirándonos,1265
buscaron,1266
anulación,1267
trasladar,1270
arqueros,1280
despide,1283
enloquecido,1286
bengala,1294
frenar,1303
llorado,1304
vestía,1308
superstición,1312
ilumina,1314
sonrió,1319
berta,1325
vigor,1326
repleto,1330
enterraron,1330
escapatoria,1331
gráfico,1331
ocupando,1333
recibía,1336
aislados,1337
traviesa,1342
genera,1348
invención,1350
tardan,1352
durado,1355
dinamarca,1355
colón,1355
frecuente,1356
bolsos,1357
reja,1359
admira,1361
mejoras,1366
almohadas,1367
marcó,1377
recordamos,1378
buscara,1383
criticar,1383
diplomática,1386
ojeada,1388
cocino,1388
suspiro,1393
ángulos,1394
bulto,1395
reliquia,1396
funda,1398
formó,1404
concluir,1406
frustración,1408
mareada,1409
entusiasta,1411
fracasar,1411
resentimiento,1427
repetición,1432
largó,1432
cruzan,1435
floja,1438
refrescos,1442
hippie,1442
amarga,1443
trepar,1446
lámparas,1452
diarias,1460
despertarla,1460
idéntico,1463
compleja,1465
metía,1466
foro,1468
vertical,1468
google,1470
borra,1473
captar,1476
épocas,1479
bajaron,1488
honrada,1488
tocarle,1489
parará,1495
juerga,1497
caldera,1498
adquirir,1499
panorama,1500
limosna,1500
aguda,1503
llenando,1503
cansancio,1511
bailarines,1511
extrañamente,1512
grises,1519
intestino,1520
venderlos,1520
vencidos,1521
empapado,1531
transformó,1531
molestaba,1539
componentes,1545
acercar,1546
mugre,1547
idiotez,1547
volaron,1554
tragado,1558
infectados,1559
sacarse,1560
pésima,1561
interminable,1569
caídos,1576
cursi,1577
franqueza,1592
modernos,1593
liberarlo,1594
escondiéndose,1596
recuperando,1604
redondo,1604
vulnerables,1611
esposos,1613
mármol,1615
conscientes,1616
chispas,1618
decenas,1620
atravesado,1621
apoyado,1623
zanja,1628
estalló,1630
rasgos,1630
terminaría,1630
colombia,1638
gestos,1638
cordura,1641
continuó,1645
lejana,1648
consciencia,1649
prenda,1652
cuervos,1654
dispositivos,1659
aplausos,1661
tomás,1663
atroz,1666
filo,1670
empate,1672
masculina,1681
supieron,1685
charco,1687
estimulante,1692
demostró,1692
posesiones,1694
hirviendo,1698
subieron,1698
javier,1700
retener,1711
umbral,1713
dejaban,1720
moribundo,1722
señalar,1722
secas,1724
peluquería,1725
pagaba,1727
fabricar,1727
indiferente,1737
comodidad,1737
físicos,1745
aburre,1746
benjamín,1748
capataz,1749
abdomen,1749
feos,1755
estricto,1765
remate,1765
intacta,1771
señas,1774
nacieron,1782
operando,1784
especialistas,1787
caminamos,1789
inmensa,1793
transformar,1794
pisar,1796
analista,1800
aceptaron,1801
amplia,1812
cagada,1824
infinita,1827
aquiles,1831
caminaba,1833
protegen,1836
automáticamente,1838
puntas,1838
encargó,1838
enloqueció,1840
agarraron,1844
reunió,1846
beatles,1847
hilos,1851
equivocación,1852
secos,1854
ramo,1865
grosera,1872
recuperó,1873
ratito,1877
estatuas,1883
celeste,1892
igualdad,1897
salían,1897
parrilla,1898
ocultos,1901
muelles,1907
violeta,1909
lloró,1917
horca,1917
incluir,1924
soltó,1924
escritos,1926
anular,1935
depósitos,1936
barbilla,1939
acabara,1939
entendieron,1939
apagó,1941
mantenía,1942
pianista,1944
quitarnos,1946
parecidos,1948
disputa,1952
argumentos,1953
fenómenos,1954
ternura,1955
movía,1956
hamlet,1960
desagradables,1961
espiar,1967
hundido,1967
composición,1971
charlas,1973
recurrir,1973
parásito,1974
pasillos,1975
justificar,1975
explicó,1976
rivales,1978
preocupar,1984
sacos,1988
actúan,1990
hundió,2001
atraviesa,2006
sucesos,2006
columnas,2011
rodean,2013
estrecho,2016
profundidades,2020
empujó,2026
faltó,2028
cálida,2028
abrigos,2030
espacios,2039
transición,2044
lloraba,2044
notó,2046
apoderarse,2051
puntual,2051
tiran,2052
terminara,2053
indias,2054
llanto,2059
mismísimo,2060
leía,2060
diecisiete,2061
biológico,2066
bocado,2067
seguían,2068
pasaban,2070
enseñarnos,2072
destructor,2079
radiante,2082
soporta,2082
noción,2087
tostadas,2088
musicales,2089
quitan,2090
coser,2091
encerrar,2092
usaban,2098
tercio,2111
acompañado,2116
alegres,2123
continuo,2132
dato,2135
funcionarios,2140
suegra,2142
manifestación,2143
morada,2144
trío,2145
esperó,2150
deprimida,2152
penal,2153
calentar,2153
laboral,2154
convencida,2155
contexto,2167
agonía,2174
quebrado,2175
cafés,2175
guardan,2178
funeraria,2179
acuesta,2182
enfrentarlo,2182
paranoia,2183
diplomático,2183
carpa,2186
baba,2186
monumento,2187
quedaban,2187
entraba,2193
psicólogo,2195
cerraron,2197
oírlos,2202
topo,2203
ayudaba,2211
inmenso,2214
conquista,2220
picado,2221
representan,2235
tacto,2237
percepción,2247
preparó,2258
invencible,2263
pálida,2264
risas,2271
simpatía,2278
veterano,2278
preguntarse,2280
funcionario,2281
veían,2290
operativo,2297
vara,2307
concentrado,2310
olía,2310
relámpago,2320
controlarme,2329
provocado,2330
arreglarse,2333
deshacer,2334
gritaba,2334
muevo,2341
privilegios,2342
tinieblas,2343
olla,2353
comía,2356
suciedad,2358
surge,2358
pedía,2361
relleno,2363
carnaval,2364
relevante,2375
desesperados,2376
despertarse,2376
atravesó,2377
abrieron,2386
granos,2387
reaccionar,2387
rodeada,2387
salas,2396
preguntaron,2398
apocalipsis,2401
celia,2411
necesarias,2413
newton,2426
menciona,2428
molestarse,2432
irresponsable,2438
churchill,2439
calefacción,2442
correctas,2443
casita,2445
venderle,2448
revelación,2458
útiles,2459
género,2460
arbustos,2461
húmedo,2461
panza,2466
escalar,2466
unió,2468
ta,2473
hábitos,2480
ejecutar,2482
definitiva,2483
frías,2485
lograron,2492
ladrillos,2503
paradero,2512
caminata,2516
duelen,2517
ochenta,2521
importó,2528
sinceridad,2531
pantalón,2539
tigres,2541
intuición,2548
escribía,2570
callarse,2574
cultural,2578
encarga,2581
amenazado,2582
novedades,2590
corría,2592
dedico,2593
despidió,2598
nombrar,2598
separa,2603
alimentarse,2605
gritó,2609
trayectoria,2617
ganadores,2618
espuma,2618
pusiera,2619
levanté,2620
escuchaba,2631
cristales,2633
carteles,2635
blusa,2648
poste,2649
leve,2650
psiquiátrico,2661
envenenado,2672
cogiendo,2672
rodeados,2675
visitarlo,2686
manteniendo,2686
enteras,2698
partió,2702
tranquilamente,2703
distante,2712
existido,2725
visitante,2727
mozart,2730
alba,2730
movió,2743
aprobado,2753
fina,2754
humillación,2755
chelsea,2755
flaco,2766
conocían,2773
públicos,2781
tropa,2782
angustia,2786
buscó,2787
visitarla,2787
agárrenlo,2792
suspendido,2792
sirvienta,2793
agradecidos,2799
pasarse,2800
tenso,2803
contamos,2814
comprensión,2815
picante,2820
golpearon,2823
novelas,2832
cintura,2832
atentos,2837
chispa,2840
lecho,2841
informó,2842
histórico,2845
maniobra,2849
miramos,2852
estancia,2855
alucinaciones,2861
cierro,2861
comprueba,2863
hormigas,2864
corrí,2876
décadas,2879
recupere,2883
convenció,2885
secundario,2887
planear,2890
obligaciones,2897
pensara,2904
seríamos,2904
casamiento,2915
aleja,2917
elijo,2918
optimista,2921
traficantes,2925
celulares,2928
espectro,2930
pellejo,2930
atardecer,2932
globos,2938
sentó,2947
cercanos,2949
preciosos,2953
finanzas,2956
horizonte,2957
helados,2962
oveja,2964
saltando,2969
superficial,2970
siguieron,2971
mejilla,2976
fanático,2981
desesperadamente,2982
máscaras,2986
entendía,2993
cortando,2996
desprecio,2997
cobre,3004
aislado,3008
tripas,3010
consiguieron,3016
mascotas,3018
hablaban,3020
recorrer,3024
freno,3028
abuelos,3031
recta,3033
asado,3036
beethoven,3038
gol,3044
surgió,3047
rodea,3049
británica,3051
armonía,3053
montado,3063
terraza,3066
urgencia,3087
confiado,3087
convierta,3091
poemas,3091
atrevido,3096
símbolos,3100
violenta,3100
registrar,3111
sendero,3112
cortina,3117
precisa,3130
parados,3133
provecho,3140
gotas,3146
daban,3151
levanto,3157
envuelto,3161
cualidades,3163
regular,3174
conserje,3177
apropiada,3179
isaac,3187
pagaron,3192
olvidemos,3196
haciéndose,3197
pertenecía,3201
tentación,3201
pasemos,3208
selección,3209
rechazo,3209
frasco,3216
sostener,3222
sacan,3231
ayudara,3238
agarré,3240
leerla,3243
juntar,3244
congelado,3245
viviente,3258
infiel,3261
viajado,3288
sirena,3295
colgando,3296
precaución,3300
sirvientes,3306
catorce,3307
denuncia,3314
labor,3327
músicos,3332
armar,3334
estafa,3334
recuperarse,3338
saldría,3338
creían,3355
viví,3370
exceso,3377
cesar,3389
cuadras,3389
respondió,3400
opuesto,3403
convincente,3404
tremenda,3407
river,3414
paisaje,3420
anteojos,3426
bares,3433
cruza,3440
caerse,3462
hostil,3467
obliga,3467
acostumbrada,3474
creyendo,3475
anteriores,3488
prestar,3492
movido,3493
cuernos,3497
tuvieran,3498
particularmente,3499
diseñado,3499
llegaba,3501
terminan,3511
bandeja,3514
aparta,3523
explico,3532
mandaron,3534
notar,3538
entierro,3545
guante,3547
televisor,3547
únicamente,3548
llamara,3554
describir,3555
únicas,3555
campanas,3556
partículas,3565
corrió,3568
mecanismo,3573
promete,3575
violín,3592
zapatillas,3594
reflejo,3596
invitada,3599
leones,3601
pasarla,3601
haríamos,3605
winston,3609
terapeuta,3611
acercó,3614
vestir,3616
jugaba,3630
ocurren,3633
sonaba,3634
sudor,3634
carmen,3638
pis,3640
impide,3643
trágico,3643
inventar,3646
temblando,3653
imaginarlo,3656
farmacia,3659
colorado,3666
decidieron,3670
avanza,3679
supermercado,3689
patadas,3700
pasajero,3702
duró,3706
escucharon,3708
corrupción,3713
aparezca,3714
existía,3716
trataron,3719
caramelo,3719
descubrieron,3720
contaba,3720
navegar,3728
banquete,3739
metieron,3745
entendió,3752
papás,3755
absoluta,3760
guardado,3763
triunfo,3763
avisarle,3764
mediante,3765
desgraciados,3769
ruina,3783
oscuros,3785
bestias,3788
queriendo,3789
gripe,3793
vestirse,3796
inútiles,3804
sospechas,3813
apoyar,3819
eventualmente,3821
conocieron,3825
nietos,3827
marcado,3828
femenina,3831
rama,3835
intimidad,3842
hermanita,3843
vientre,3844
desesperación,3845
cargada,3852
tradicional,3856
hablaron,3857
meternos,3858
delicada,3859
vagón,3860
rio,3861
ruinas,3868
sonriendo,3870
cuarentena,3870
desear,3874
tomaba,3877
sirviente,3885
principalmente,3891
independencia,3897
traseros,3900
llover,3905
domingos,3906
tarda,3917
desaparecieron,3919
sepamos,3920
moscas,3921
perfección,3931
debían,3931
científica,3941
levantó,3947
fallar,3950
acompaña,3950
preocupaba,3955
crítico,3986
andaba,3998
bate,3999
peste,3999
reservas,4007
aprovechar,4010
experiencias,4011
perdedores,4016
maravillas,4020
parecían,4022
asquerosa,4023
extrañar,4026
aprendió,4035
vacías,4040
masacre,4044
pensaron,4050
encantaba,4057
torta,4059
atracción,4069
montones,4070
alimento,4074
cuadra,4075
escrita,4075
videos,4090
pensará,4096
escuchamos,4118
plumas,4118
árabe,4119
agarró,4125
moriría,4131
creció,4133
tela,4138
inventó,4141
comunes,4145
implica,4157
reírse,4168
agotado,4187
bajado,4188
etiqueta,4198
aventuras,4199
dormía,4222
obsesión,4223
conversaciones,4230
mañanas,4231
velada,4233
alejarse,4235
alejandro,4242
bodega,4246
gigantes,4250
amarilla,4252
escondidas,4254
fotógrafo,4254
cerradura,4260
deprimido,4260
cayeron,4271
caca,4283
aparecen,4289
divino,4293
recomiendo,4297
recorrido,4298
lenta,4312
necesaria,4313
sexto,4315
literatura,4325
aires,4326
atrae,4328
fórmula,4328
tristes,4331
cerró,4335
registrado,4336
filas,4348
conveniente,4355
brillo,4356
provisiones,4359
diagnóstico,4376
desesperada,4378
contenido,4378
celebración,4389
rincón,4390
exacta,4399
pudiese,4410
tocaba,4422
herencia,4422
brasil,4423
paró,4437
aplauso,4440
aceptó,4447
puñado,4458
relajarse,4459
demostrarlo,4459
manchas,4477
brigada,4478
chistoso,4506
acceder,4516
privacidad,4523
invita,4527
repite,4533
crecí,4534
tendrían,4535
woody,4546
regimiento,4548
tranquilidad,4550
planetas,4559
veredicto,4562
saliera,4563
adelantado,4584
manta,4591
magnífica,4610
sana,4625
elemento,4629
llévenlo,4631
torpe,4632
depresión,4641
suelen,4643
supuestamente,4651
contratado,4659
cristiano,4674
sentidos,4677
pila,4681
mascota,4696
avanzar,4702
bajó,4721
negar,4734
sentar,4739
esfuerzos,4740
atado,4749
preferido,4760
despertó,4767
crítica,4769
volvía,4787
rompí,4794
hilo,4800
siesta,4801
avance,4802
privilegio,4813
asistencia,4813
revólver,4830
linterna,4836
muriera,4839
comenzaron,4855
cortinas,4866
oficio,4867
sábanas,4872
furia,4875
sincera,4898
alcanza,4905
ponía,4907
quedara,4909
hueco,4923
osos,4926
volumen,4927
hemorragia,4928
equilibrio,4936
llamaban,4937
sucios,4939
atrapada,4941
falsos,4945
mansión,4960
mochila,4967
girar,4969
justamente,4978
increíbles,4983
pidieron,4986
traficante,5012
almohada,5014
ida,5030
ligero,5037
supervivencia,5045
organizar,5049
protegido,5054
tapa,5056
imbéciles,5085
chistes,5098
observar,5101
afortunadamente,5104
pañuelo,5105
afueras,5106
falsas,5129
retrocede,5129
empuja,5130
muertas,5130
independiente,5133
anillos,5134
tejido,5146
quedaría,5150
raya,5162
novios,5174
pierden,5175
descubrimiento,5175
avisar,5186
habitual,5224
hermosos,5247
sintiendo,5265
decirse,5274
sacamos,5276
presentes,5282
cubre,5289
humilde,5303
enero,5307
cheques,5310
cuentan,5315
mágica,5328
franco,5333
inteligentes,5355
distintos,5375
protocolo,5376
sos,5378
raros,5379
incapaz,5396
quejas,5398
entraron,5437
conclusión,5440
pudieran,5450
olas,5483
visual,5498
cajón,5504
seriamente,5509
sobrina,5509
evidente,5510
nido,5543
comentario,5547
resistir,5554
interesada,5554
ataúd,5560
ausencia,5561
alicia,5572
conflicto,5573
saludar,5573
revisa,5580
perspectiva,5589
subió,5590
grito,5593
nocturno,5600
otoño,5606
cuero,5640
atravesar,5649
intercambio,5674
mandado,5681
golpea,5681
bolsillos,5683
deseaba,5691
quitó,5692
coartada,5695
contrató,5696
quedaron,5704
distintas,5710
llora,5712
grasa,5721
sacaron,5723
creciendo,5740
pegó,5749
imaginaba,5755
lápiz,5758
christian,5763
elementos,5764
formación,5764
ilusión,5790
observa,5790
susto,5793
deportes,5802
embajada,5805
botellas,5827
candidato,5828
disfraz,5830
certeza,5838
alivio,5867
gesto,5885
verdaderos,5894
cafetería,5899
intentan,5908
clásico,5911
horno,5914
enfrentar,5917
internos,5936
británico,5941
plena,5948
vidrio,5959
escapa,5964
caen,5968
corten,5975
pesadillas,5980
artículos,5984
times,6005
desfile,6022
saludable,6029
revistas,6032
quinta,6032
rumor,6037
menores,6040
recibiendo,6044
juzgar,6049
sabiduría,6105
copas,6105
comedor,6106
estuviese,6116
tristeza,6118
raras,6135
escribo,6140
fenómeno,6142
llevaría,6157
llenar,6166
ejecución,6168
desarrollo,6171
ayudaría,6172
duermo,6188
estarían,6189
separarnos,6207
comió,6207
invitó,6210
emocional,6224
tortura,6240
avenida,6241
miró,6243
desesperado,6243
enciende,6251
suéltenme,6270
gota,6274
saluda,6286
observando,6306
horror,6334
afecta,6336
comprarte,6336
perrito,6352
josé,6361
escala,6367
pegado,6372
ponemos,6391
semejante,6394
acostumbrado,6397
cortó,6407
escuchó,6418
canto,6419
llegara,6421
odiaba,6428
parientes,6435
hombros,6441
dibujo,6449
fines,6454
harían,6458
furioso,6466
instinto,6492
bienes,6500
sintió,6508
horribles,6508
empiezan,6511
enormes,6518
rebecca,6529
miran,6530
callado,6533
reconoce,6552
respiración,6554
volvieron,6564
programas,6594
terribles,6605
bebidas,6606
decían,6611
ingeniero,6631
arco,6666
eliminar,6703
tercero,6708
gravedad,6739
extremo,6755
adolescente,6763
moviendo,6764
metí,6768
tiró,6778
cuartos,6782
pasear,6790
agarrar,6796
comprobar,6806
convencer,6813
horario,6833
enfermos,6835
lógica,6844
patas,6849
suicidarse,6851
tarta,6872
finales,6874
monos,6886
cuarenta,6886
llevarlos,6896
satélite,6936
amantes,6945
páginas,6979
tomaron,6982
miré,6993
detuvo,7012
medidas,7014
ciertos,7082
negociar,7102
multitud,7104
jugadores,7104
trajes,7109
oscura,7121
saqué,7134
alfombra,7138
estupenda,7147
tocó,7162
ponernos,7167
sonríe,7174
volverse,7177
dándole,7184
trabajó,7200
salía,7203
miraba,7213
esconder,7219
sentados,7219
hojas,7220
ordenó,7224
inconsciente,7238
discos,7240
oportunidades,7273
técnica,7299
viuda,7324
intenciones,7330
congreso,7343
molestia,7356
debilidad,7418
bolsas,7418
seguirá,7429
teléfonos,7432
fracaso,7438
gatillo,7450
onda,7464
atacó,7464
compasión,7466
rompe,7472
araña,7497
dejara,7509
poderosa,7510
vestidos,7516
escapado,7520
plano,7521
atractiva,7537
importaba,7562
mantenerse,7567
usamos,7568
capa,7570
masa,7570
prestado,7576
guitarra,7578
empezaron,7594
rutina,7594
medias,7595
novela,7597
viera,7615
plástico,7622
creyó,7631
quedaba,7636
engañar,7647
barba,7651
figura,7657
lujo,7660
siguió,7663
límites,7676
objetos,7687
casó,7695
hoja,7696
divertida,7707
normales,7712
monstruos,7727
gallina,7739
fantasía,7777
convencido,7789
monedas,7820
lleguemos,7823
naranja,7841
ronda,7860
voces,7865
herramientas,7871
caminos,7873
tradición,7878
bodas,7887
movimientos,7912
diera,7925
preocupación,7949
orejas,7954
gritos,7957
corbata,7961
octubre,8003
encargado,8014
industria,8044
puesta,8044
tendríamos,8058
velas,8063
esconderse,8068
tensión,8073
actores,8074
monte,8079
extraordinario,8084
sufrido,8097
hayamos,8135
nene,8136
obras,8145
cañón,8154
vuela,8155
rosas,8155
sano,8162
gimnasio,8170
suele,8178
regresado,8183
expresión,8184
béisbol,8188
suyos,8194
demasiados,8215
españa,8216
queridos,8231
serían,8253
cambiando,8258
habrán,8274
risa,8296
capital,8302
revés,8303
temporal,8375
político,8379
seguía,8391
aparecer,8469
explotar,8471
acostarse,8490
viniera,8493
pozo,8522
cincuenta,8526
primeras,8530
funcionan,8533
juventud,8543
terror,8550
familiares,8558
carácter,8566
antonio,8586
embajador,8595
grupos,8635
cementerio,8650
emoción,8653
rueda,8655
nubes,8660
personalidad,8669
salieron,8677
nervios,8693
viejas,8698
conoció,8731
alegre,8739
volvería,8745
leerlo,8755
importar,8761
gritando,8766
charlotte,8774
moto,8777
borde,8794
once,8797
marco,8812
encerrado,8816
función,8822
decide,8824
almorzar,8838
clima,8848
manzana,8849
rubia,8868
cadáveres,8873
prohibido,8903
pudieron,8905
coraje,8914
consciente,8914
cubierto,8926
discusión,8928
atractivo,8936
existencia,8948
llámeme,8956
deshacerse,8962
heridos,8987
empiezo,8988
sobrino,8994
oídos,8996
alcanzar,9007
hacían,9022
siglos,9024
circo,9042
cercano,9058
desnudo,9096
sacarle,9098
alquiler,9116
medida,9119
vacía,9124
acercarse,9157
comunicación,9182
barato,9193
oyó,9197
falla,9219
palo,9219
frase,9223
hacerles,9239
prácticamente,9245
sentada,9248
máscara,9268
agarra,9275
restos,9302
entregar,9364
comprender,9364
quince,9370
barcos,9396
grano,9416
colores,9416
disparos,9429
costumbre,9432
abandonado,9484
crema,9500
lentamente,9510
cuadro,9568
terminé,9599
ceremonia,9602
japón,9625
muro,9633
intentaba,9669
cartera,9678
aguantar,9680
pública,9684
acero,9697
visitas,9777
emociones,9787
detalle,9821
letra,9828
tono,9836
cuales,9839
verse,9879
izquierdo,9886
guerrero,9910
camina,9918
básicamente,9954
metal,9958
capacidad,9959
competencia,9973
habitaciones,10000
detenerme,10023
alas,10074
estando,10086
usó,10100
pensamiento,10102
ruedas,10108
mínimo,10136
recuerde,10145
entrado,10171
biblia,10193
supo,10217
terapia,10230
valle,10247
pasara,10254
celebrar,10258
punta,10276
extranjero,10301
pasaron,10306
estuvieron,10315
aceptarlo,10350
explica,10381
tanque,10385
despedida,10403
canta,10411
sentimiento,10414
poca,10479
rayo,10502
empezado,10551
metió,10624
crecer,10626
guardar,10629
lágrimas,10632
registros,10639
reales,10658
reserva,10685
pesado,10692
podían,10761
museo,10771
juan,10777
ocurrir,10783
fantasmas,10812
viniendo,10833
versión,10837
miro,10840
entienden,10890
patio,10922
diamantes,10929
civil,10940
instante,11038
ambiente,11049
comercial,11093
sabían,11099
gustado,11111
intentaré,11193
ocurra,11205
naturalmente,11207
instrucciones,11219
falsa,11240
puestos,11287
lana,11293
cristal,11299
verán,11317
dejando,11340
darse,11354
puerto,11394
sistemas,11416
decidió,11452
pata,11494
llevando,11505
estudios,11512
chiste,11526
veneno,11535
fresco,11539
garganta,11555
pusieron,11577
visitar,11604
pánico,11612
llevarse,11619
metro,11672
pantalla,11678
recibió,11699
flor,11699
lograr,11730
damos,11743
firmar,11758
equipos,11774
océano,11787
explicación,11814
casados,11823
rastro,11842
asustada,11863
johnson,11876
misterio,11906
dudas,11909
particular,11910
fiebre,11940
amanecer,11960
secundaria,11961
biblioteca,11963
leyendo,11966
personaje,11979
imágenes,12022
sacó,12043
compró,12057
actitud,12083
medianoche,12084
impuestos,12106
salen,12146
guía,12148
esposas,12174
trató,12176
seamos,12188
gritar,12240
ganó,12249
enfrente,12256
tomamos,12258
buscamos,12260
cruzar,12272
suficientes,12290
existen,12300
escapó,12315
altura,12358
sacado,12364
cambios,12375
preguntó,12381
maravilla,12396
anterior,12407
excusa,12409
cigarrillo,12462
quedé,12473
primavera,12485
re,12505
pensamientos,12515
conocimiento,12534
grado,12540
vivimos,12540
pasillo,12556
ambulancia,12594
llegando,12615
impresión,12621
clara,12625
nació,12696
martes,12715
miel,12738
mover,12744
distinto,12758
desgracia,12787
nación,12789
alarma,12806
trabajos,12824
pasaba,12825
moda,12871
federal,12874
parada,12876
descubierto,12886
pedazos,12965
rescate,12974
salí,12990
mostrar,12994
escribe,13006
cubierta,13009
quieran,13026
suponía,13050
soportar,13055
rodillas,13065
aquello,13076
página,13081
celda,13081
hacernos,13147
canciones,13178
empecé,13185
sótano,13187
propias,13196
perdida,13204
cuantas,13206
dijera,13218
bolso,13220
pasos,13233
curiosidad,13299
venía,13324
campaña,13342
compromiso,13366
ruta,13380
internet,13393
humo,13404
palacio,13412
casar,13423
obvio,13423
vinieron,13425
pierde,13433
daba,13473
educación,13479
vueltas,13527
convierte,13531
saltar,13555
apareció,13566
cumplir,13619
aventura,13665
vivía,13691
últimas,13696
volvamos,13698
ambas,13714
invierno,13715
juntas,13728
vecinos,13744
ricos,13762
convertido,13792
doce,13825
esfuerzo,13833
ritmo,13844
intentó,13903
salvaje,13910
pieza,13946
estudiar,13971
probable,13980
fueran,13996
tirar,14001
consiguió,14008
salimos,14029
lío,14031
pura,14034
escaleras,14075
saco,14078
compra,14086
apuesta,14094
habíamos,14102
sonrisa,14102
criatura,14135
siguiendo,14167
frontera,14179
amaba,14223
usarlo,14243
taza,14312
montañas,14342
odia,14345
disparó,14357
pocas,14388
meter,14395
viajar,14416
madera,14419
rápidamente,14438
revista,14450
preocupada,14459
espejo,14461
quedamos,14467
paciencia,14503
entenderlo,14505
planta,14560
humanidad,14566
rara,14577
laura,14595
responder,14610
vaso,14617
construir,14692
invitados,14706
claramente,14766
social,14782
cambió,14788
alegría,14801
canal,14830
tuvieron,14833
ciego,14851
clave,14894
levanta,14950
antigua,14982
tira,15002
aparte,15004
bolsillo,15010
compras,15072
cerrada,15080
dejaron,15081
veinte,15092
tecnología,15100
caído,15137
arena,15168
caminando,15189
bola,15192
pelota,15208
solución,15258
cortar,15282
huir,15300
murieron,15349
complicado,15374
disco,15380
parado,15390
aparece,15391
cola,15400
pensó,15416
llegaron,15421
fumar,15489
plata,15534
notas,15537
funeral,15625
escenario,15640
vacío,15765
daría,15766
escucho,15862
pequeñas,15868
siglo,15900
muchísimo,15930
olvida,15955
alcohol,15957
pasan,15963
tengamos,15985
tarea,15990
haberla,16003
importancia,16014
moverse,16016
sentirse,16079
discurso,16094
helado,16167
trabajaba,16180
sensación,16181
violencia,16204
blancos,16268
llevaron,16288
ponerle,16356
nieve,16368
cadáver,16407
leído,16464
respirar,16479
autos,16488
primeros,16523
barrio,16576
árboles,16582
íbamos,16585
recién,16626
pacientes,16667
preguntaba,16683
resolver,16751
poniendo,16779
den,16808
esperamos,16816
fútbol,16839
presencia,16875
intenté,16882
médicos,16907
castillo,16956
búsqueda,17025
vivos,17036
muriendo,17052
entera,17147
cientos,17159
rostro,17161
descubrir,17217
creemos,17228
new,17241
intentado,17247
ciencia,17253
tercer,17318
tumba,17342
limpiar,17344
lago,17356
invitado,17396
olor,17450
hablaba,17454
durmiendo,17498
almuerzo,17583
mentiras,17596
sucio,17597
buscarlo,17598
proceso,17609
veía,17689
querían,17706
tercera,17766
comienza,17796
conseguido,17823
cae,17871
romper,17939
vieron,18040
idiotas,18076
camisa,18105
necesidad,18136
pedazo,18154
mueve,18195
interés,18200
tormenta,18224
explicar,18233
ladrón,18248
lluvia,18252
agujero,18269
esquina,18269
cuerpos,18283
comienzo,18302
destruir,18351
iban,18407
desapareció,18448
gloria,18457
casos,18495
compañeros,18534
sentarse,18558
inspector,18571
pide,18596
débil,18665
pareció,18670
víctimas,18675
escuchado,18676
felicidad,18722
perdiendo,18732
inútil,18770
montaña,18794
llevado,18799
conocemos,18827
domingo,18844
techo,18940
pecho,18962
escuchando,18992
fuese,19013
quieto,19021
directamente,19039
acto,19058
mapa,19061
intención,19184
haberse,19213
fantasma,19223
oficiales,19252
razones,19305
entró,19333
sentía,19380
universo,19399
suficientemente,19408
aspecto,19423
varias,19491
pasé,19515
hayan,19538
amenaza,19548
magia,19572
tomé,19594
polvo,19602
hiciera,19740
menor,19741
espectáculo,19785
herida,19793
marca,19825
efecto,19829
recibir,19855
roja,19892
inmediato,19918
evidencia,19949
entero,19967
fuente,19968
mirada,20001
tenerlo,20040
llamaba,20050
natural,20085
deber,20101
teatro,20152
gustó,20166
recibido,20170
dura,20170
lados,20207
comenzar,20212
dedo,20290
jardín,20309
cambia,20376
negros,20418
viviendo,20433
quiso,20436
tantas,20447
maría,20448
éramos,20510
cerrar,20578
distancia,20619
habló,20628
descanso,20652
termina,20701
conocía,20781
tantos,20794
familiar,20796
apoyo,20823
dormido,20848
calles,20863
malditos,20894
llevaba,20958
varios,20958
darnos,20974
contento,21058
directo,21220
debió,21283
clases,21287
abierto,21390
cinta,21409
roto,21462
francia,21463
seguros,21496
aquellos,21515
historias,21529
negra,21539
enamorado,21752
cuchillo,21832
botella,21854
ponerse,21868
limpio,21868
enferma,21908
sonido,21943
cuesta,21950
cuento,21960
cantar,21975
lleve,21996
colegio,22014
presente,22090
época,22132
momentos,22143
sombrero,22145
tardes,22177
nuevas,22238
huevos,22242
animal,22273
supe,22280
sentí,22333
desastre,22334
dedos,22371
monstruo,22390
oscuro,22426
oscuridad,22450
ayude,22481
dará,22585
televisión,22633
querer,22689
yendo,22726
seguramente,22726
lugares,22758
bala,22776
playa,22777
llorar,22789
extraña,22823
lástima,22843
podremos,22867
casas,22877
mata,22982
belleza,23036
paga,23093
total,23097
preocupado,23117
carga,23265
preguntar,23319
ideas,23339
cabo,23407
sentado,23439
especialmente,23504
caballos,23508
tengan,23520
asiento,23538
enfermedad,23538
usando,23548
vender,23566
encontraron,23589
política,23613
posibilidad,23642
despacio,23684
estarán,23724
felices,23739
elección,23739
quedó,23834
lucha,23867
permite,23871
corriendo,23909
imagen,23912
humana,23960
decidido,24114
nervioso,24115
perdió,24134
absoluto,24147
embarazada,24153
caminar,24165
muestra,24222
silla,24316
caer,24499
películas,24547
nariz,24576
leche,24622
solos,24646
aquella,24693
enorme,24705
presión,24849
tonterías,24928
pesar,24931
árbol,24964
alguno,24987
movimiento,25019
pared,25064
noticia,25145
mismos,25154
naturaleza,25158
pierna,25173
billy,25192
ayudarlo,25287
sentimientos,25301
espada,25306
pantalones,25316
laboratorio,25342
opción,25412
tomado,25442
príncipe,25457
policías,25458
viento,25476
cayó,25477
fuerzas,25479
quienes,25622
encantado,25681
ruido,25832
traído,25875
brazos,25876
llegamos,25884
tiro,25909
escrito,25935
intentar,25946
partir,26030
modos,26277
tanta,26290
pedirle,26399
salido,26409
solamente,26454
tomó,26499
pareja,26539
espíritu,26567
terminó,26574
recordar,26609
vacaciones,26611
diferentes,26684
bosque,26694
refiero,26795
operación,26827
fuimos,26848
viejos,26896
hacerse,26903
interior,26936
preguntarle,26956
reloj,26984
banda,27037
hubiese,27042
cansado,27043
llena,27090
pedido,27090
suya,27118
ridículo,27129
depende,27201
dando,27257
nuevos,27373
visita,27387
parecen,27493
perros,27518
código,27547
volverá,27715
defensa,27765
llaves,27779
verde,27791
vistazo,27893
completo,28014
pelear,28113
propósito,28172
evitar,28194
cine,28241
blanca,28260
larga,28389
encontrarlo,28461
piernas,28641
parecer,28648
estados,28707
probar,28806
flores,28827
piel,29026
preparado,29033
sigo,29083
arte,29096
principal,29232
golpe,29278
dieron,29325
parís,29406
damas,29413
cuello,29445
batalla,29481
entrada,29500
calor,29509
común,29522
volar,29584
doble,29653
nueve,29742
preocupa,29806
tiempos,29885
quedar,29971
máquina,30004
animales,30093
cuestión,30104
contar,30132
empezó,30145
soldados,30170
debía,30282
últimos,30383
próximo,30388
pista,30465
cierra,30618
rico,30680
abrir,30726
color,30781
alta,30818
volvió,30875
respecto,30987
esperanza,31004
mentira,31047
brazo,31068
pidió,31069
quedan,31158
despierta,31215
tenían,31283
entiende,31285
especie,31378
vea,31389
aquel,31457
luces,31562
guardia,31695
acaso,31748
valor,31777
metros,31840
tocar,31949
anillo,31949
éxito,31980
unidos,32044
toca,32046
confiar,32114
estrella,32189
podido,32195
precio,32212
aprender,32290
encontró,32301
obra,32309
dejé,32455
pedir,32484
bomba,32553
espalda,32611
cartas,32661
zapatos,32736
imbécil,32751
lleno,32778
ganas,32882
matarlo,32933
rojo,32953
empieza,32972
matado,32983
llevó,32999
debajo,33037
fondo,33088
parar,33134
enemigo,33292
habían,33337
ojo,33407
isla,33497
sepa,33524
ocupado,33552
hermanos,33569
formas,33590
té,33635
azul,33671
serán,33680
bailar,33699
libros,33774
ejemplo,33784
salida,34048
estuviera,34106
finalmente,34253
puso,34657
tema,34724
cocina,34729
inteligente,34789
mirar,35119
caliente,35246
baile,35327
enfermo,35411
leer,35416
parecía,35477
bar,35725
viva,35742
cambiado,35756
mayoría,35764
río,35783
sur,35792
tía,36032
intentando,36080
encuentro,36122
corte,36252
tendría,36271
zona,36331
temprano,36424
viendo,36584
investigación,36606
entender,36629
podrían,36653
oí,36738
embargo,36781
pregunto,36791
duda,36818
veamos,36866
apenas,37000
abuelo,37146
público,37229
ventana,37337
pone,37379
conocer,37603
energía,37634
calma,37664
salud,37682
cenar,37688
espacio,37693
montón,37698
llave,37933
nena,37945
planeta,37973
sacar,37974
humano,38092
triste,38191
san,38216
escena,38243
base,38314
posición,38333
intento,38454
vestido,38499
escuchar,38635
segunda,38714
banco,38752
vidas,38818
departamento,38860
vieja,38904
delante,38967
luna,39084
matrimonio,39114
hermoso,39470
rato,39477
corre,39585
frío,39598
sorpresa,39653
mirando,39807
ninguno,39825
decía,39827
carne,39834
linda,39927
llega,40039
abuela,40125
trasero,40131
cuántos,40235
creen,40256
infierno,40316
mar,40457
canción,40483
esperaba,40486
diría,40569
existe,40873
pudiera,40875
según,40930
sargento,40930
llamó,40942
edificio,40974
ocurrió,41100
caballo,41304
universidad,41328
cerebro,41440
lindo,41706
pies,41723
principio,41748
boda,41819
paul,41976
dejarlo,42286
partes,42302
dulce,42375
cárcel,42747
sala,42791
decisión,42793
ocho,42944
peligro,42991
fotos,43000
baja,43028
horrible,43066
basura,43145
papel,43154
novio,43160
junto,43174
libertad,43297
salió,43519
relación,43561
cámara,43629
ante,43653
aun,43750
maravilloso,43811
suelo,43834
cumpleaños,43887
terrible,43965
derecha,43978
través,44307
dejado,44367
izquierda,44561
piso,44636
alma,44735
abre,44869
esposo,44902
sale,45050
listos,45136
dirección,45279
totalmente,45372
cualquiera,45560
adentro,45781
enseguida,45948
honor,45957
media,46095
ataque,46320
alrededor,46624
hicieron,46627
tienda,46686
gracioso,46800
completamente,46830
hacía,46884
ley,47117
hubo,47144
terminado,47344
dijeron,47436
silencio,47568
entra,47828
culo,47948
pude,48008
centro,48133
comprar,48448
gobierno,48458
siete,48573
foto,48895
ejército,49111
cena,49254
caja,49270
hermosa,49442
ellas,49475
normal,49533
tendrá,49684
línea,50000
ambos,50227
propio,50381
respuesta,50516
pudo,50524
mes,50584
carta,50591
salvo,50685
quedarse,50716
próxima,50881
estúpido,50927
mejores,50951
mató,51014
mesa,51157
loca,51361
maldición,51379
accidente,51415
hambre,51558
personal,51592
sol,51626
edad,51674
pensaba,51944
pelo,52236
avión,52399
acabó,52443
traje,52451
pagar,52568
imposible,53037
gustan,53166
llegó,53166
encanta,53202
vista,53222
vive,53234
funciona,53348
encontrado,53366
mitad,53508
barco,53524
muertos,53766
siguiente,53773
dan,53797
vio,54010
haberlo,54078
blanco,54234
hotel,54288
llegado,54427
propia,54521
situación,54669
recuerda,54951
pie,55116
mente,55248
tras,55400
divertido,55563
tratando,55600
dejó,55840
voz,56180
hacerle,56560
dolor,56683
vuelto,56712
novia,57023
pobre,57120
baño,57223
daño,57239
sistema,57322
siente,57470
sexo,57657
quisiera,57920
grupo,58019
médico,58189
aire,58270
estuve,58380
cambiar,58509
largo,58861
creí,58920
york,59292
pena,59768
suena,60007
negro,60755
raro,60956
secreto,61250
fuerza,61306
futuro,61594
llamada,61727
ocurre,62221
empezar,62254
noticias,62533
boca,62578
sueño,62583
poner,62727
seas,62772
acá,63604
usar,63703
caballeros,63784
música,63821
sino,63866
encima,63999
palabras,64193
atención,64431
verla,64520
duro,64993
modo,64995
odio,65337
puesto,65780
frente,65780
increíble,65884
perder,66196
detrás,66319
mala,66403
ropa,66445
deberíamos,67030
señorita,67232
llevar,67246
llamado,67430
demás,67681
vuelve,67729
prueba,68077
resto,68339
tuvo,68462
viaje,68488
jugar,68490
otras,68639
buscar,68767
simplemente,68899
libre,68911
extraño,69190
siendo,69450
hospital,69505
diez,69907
mil,69938
jamás,70002
hacemos,70297
película,70319
especial,70417
querido,70561
cambio,70611
llamar,70644
marido,71069
grandes,71297
mía,71455
café,72065
perdido,72120
perro,72418
semanas,72893
agente,73066
dado,73263
cielo,73499
piensa,73919
libro,74150
acerca,74290
habrá,74293
cual,74347
carajo,74477
plan,74609
orden,74893
ayudar,75215
estaban,75227
calle,75422
peor,75541
mucha,75833
general,76708
falta,76980
además,77255
habría,77304
lleva,77357
pienso,77641
afuera,77710
armas,77941
oficina,79256
di,79267
último,79330
murió,79438
país,79660
habitación,79905
nuestras,80722
dio,80763
pequeña,80802
cuarto,81011
diciendo,81445
idiota,81569
cama,82240
estuvo,82347
perdón,82609
dormir,82869
recuerdo,82959
esperar,83058
pueblo,83060
paso,83060
seguridad,83218
fuego,83708
seis,83789
seguir,83845
única,84008
estará,84014
esperando,84320
lejos,84350
padres,84385
palabra,84685
sentido,84816
pasando,84878
buscando,85406
par,85733
luz,86433
cuanto,86454
chicas,87034
pensando,87043
paz,87185
sola,87989
basta,88247
fueron,89003
incluso,90048
medio,90077
ido,90091
escuela,90413
tuve,90633
queda,90813
arma,91393
tampoco,91575
alto,92120
lista,92147
fácil,92476
comida,92649
hacen,92958
teléfono,93395
creer,93522
exactamente,93702
vino,93731
mayor,93808
saben,94285
eran,94615
culpa,94660
algunas,94864
esté,94927
comer,94951
hermana,95158
dicen,96144
amo,96728
hijos,96864
segundo,96891
pregunta,96962
malo,97432
tenido,97591
podía,98019
posible,98241
fuerte,98371
final,98579
juego,99536
dar,100203
coche,100382
vuelta,100836
meses,101072
cuerpo,101126
vivir,101166
unas,102187
número,102747
última,102935
trabajar,104319
fui,104925
difícil,105033
abajo,105998
atrás,106136
bastante,106301
morir,106411
misma,106681
pensar,106702
primer,107018
punto,107204
algunos,107408
muchos,108041
necesitamos,108482
igual,108746
entrar,108960
doctor,109351
mujeres,109850
pueda,109954
realidad,109964
tomar,110426
cuatro,111322
encontrar,111446
pequeño,111645
hubiera,112134
clase,113011
suficiente,114076
hago,114348
llegar,114664
aunque,114712
cree,114901
sangre,115990
haya,116329
cuándo,116353
decirle,116671
verlo,116911
ninguna,116923
escucha,117132
grande,117257
habla,117466
capitán,117558
justo,118133
fin,118276
tierra,118641
tío,118734
cinco,119210
ningún,119920
arriba,120000
auto,120911
sigue,121351
cerca,121505
venga,122040
único,122424
dejar,123390
loco,123600
e,124445
cara,124786
bajo,124790
siquiera,124825
nuestros,125007
hija,125908
niño,126016
otros,128223
venir,128277
importante,128955
guerra,129295
adelante,129612
manera,130504
genial,130637
persona,130803
ojos,131058
feliz,131289
mano,131408
poder,131411
corazón,131616
problemas,131960
manos,132336
agua,132759
juntos,133287
allá,133352
horas,133399
supuesto,133681
noches,133836
buenos,134106
deja,134891
quizás,135717
esposa,136202
personas,136522
año,136594
viejo,136698
muerte,136936
vi,137387
miedo,138492
semana,138581
durante,138981
pasar,139754
iba,140029
ciudad,141310
hablando,141310
cuál,141594
cuidado,141916
pronto,142083
cuánto,142711
historia,143765
primero,144361
señora,144552
ayuda,144768
volver,145291
nueva,145417
hacia,145597
caso,149288
minutos,149513
suerte,150072
camino,150079
casi,150378
da,151016
primera,151748
pensé,151785
dentro,152509
esas,152902
chicos,153051
contra,153677
cualquier,154570
puerta,154597
chico,154600
sería,154638
rápido,154898
forma,155115
pasó,155531
ves,155856
muchas,157184
mientras,158826
sabía,162386
cariño,163261
todavía,164848
lado,166640
digo,167508
muerto,167559
pueden,167870
somos,169339
hermano,170775
debería,172209
cuenta,175253
algún,175401
cabeza,177317
salir,178118
pasado,178953
vaya,179315
van,179545
familia,180242
chica,180957
amigos,181529
policía,181737
estos,184226
ustedes,186294
veo,187517
quizá,188489
unos,190250
esos,191145
dicho,191380
hombres,192470
entre,195916
demasiado,197209
amor,197426
realmente,197439
hizo,199378
cierto,200781
idea,204424
alguna,206480
razón,208115
problema,209037
tarde,210043
ve,211795
tanto,215131
hora,217128
saber,217487
veces,217543
quien,222169
cada,225746
importa,226995
aún,227747
visto,230072
tienen,230669
haber,231494
nuestra,231769
quería,233311
parte,235056
toda,235858
mío,243347
mal,246497
todas,246616
conmigo,247719
debe,248676
nombre,248743
buen,250826
mamá,254635
estas,257055
hoy,258411
luego,259585
papá,259671
tres,260774
dice,260834
será,262797
buena,263234
gusta,264123
allí,264784
días,269349
nuestro,269669
nuevo,270636
haciendo,270725
mujer,272152
gran,273843
sido,274480
menos,278532
tenía,282115
madre,283712
espera,286291
tener,286702
tipo,287913
estado,289018
podemos,290277
cosa,290469
lugar,293379
amigo,300586
había,302974
tus,306394
mañana,308595
hijo,311843
momento,312035
sabe,312220
seguro,314707
podría,315557
después,318550
fuera,321684
mundo,323066
donde,324393
desde,325391
otro,329734
claro,334545
dinero,336514
han,336806
tal,338208
pasa,341981
dijo,343385
hablar,346896
acuerdo,352549
ellos,353732
les,362308
mira,370275
mismo,372079
padre,379004
trabajo,380938
sea,383306
nadie,391435
quiere,391510
parece,393730
nosotros,394751
hecho,398318
gente,398764
estamos,402308
poco,406193
otra,409994
estar,410828
noche,416754
mis,426602
día,427166
ir,428425
hacerlo,439372
antes,440999
uno,442653
años,448790
cosas,450763
ni,457071
solo,466430
siempre,469504
hasta,475448
alguien,478872
decir,481889
ahí,485022
sobre,492202
también,497150
ver,501955
vida,509483
sin,512193
tenemos,512329
siento,525987
hombre,526706
están,526747
mí,537278
mejor,550471
hace,552505
va,558648
mucho,563292
esa,584590
favor,595366
tiempo,595700
dónde,596484
usted,605705
entonces,607363
dos,607838
nunca,613244
tan,614320
estaba,617483
casa,624136
verdad,625274
sus,629503
quién,631087
voy,660269
ese,668619
puede,676696
creo,698685
porque,699594
son,755637
todos,769889
ella,780227
era,802515
fue,802558
vez,806927
hacer,828499
ser,841735
soy,854588
gracias,857794
puedo,880612
tiene,897199
este,901930
sólo,914611
él,921292
o,926355
cómo,939606
estás,948379
nada,982883
cuando,1000476
nos,1001196
así,1030180
tengo,1051230
ha,1123818
algo,1134248
estoy,1139918
hay,1141141
ahora,1161407
esta,1184451
muy,1197861
ya,1281584
todo,1378062
esto,1382359
más,1608542
le,1660203
aquí,1764186
como,1772746
tu,1823795
yo,2133592
eso,2163331
su,2164732
las,2225273
bien,2271161
sí,2382098
pero,2487701
está,2631459
si,2646232
mi,2647857
para,3001482
con,3249288
se,3427806
los,3488297
del,3533213
te,3548256
al,3549720
una,4134224
me,4460456
qué,4624001
por,4774012
un,6176768
lo,6536686
en,7244684
es,7595196
y,7641362
el,8357879
la,9957334
a,10445760
no,13777976
de,15232279
que,15344832
